-- phpMyAdmin SQL Dump
-- version 5.2.0
-- https://www.phpmyadmin.net/
--
-- Host: 127.0.0.1
-- Generation Time: Jun 26, 2024 at 05:57 AM
-- Server version: 10.4.27-MariaDB
-- PHP Version: 8.0.25

SET SQL_MODE = "NO_AUTO_VALUE_ON_ZERO";
START TRANSACTION;
SET time_zone = "+00:00";


/*!40101 SET @OLD_CHARACTER_SET_CLIENT=@@CHARACTER_SET_CLIENT */;
/*!40101 SET @OLD_CHARACTER_SET_RESULTS=@@CHARACTER_SET_RESULTS */;
/*!40101 SET @OLD_COLLATION_CONNECTION=@@COLLATION_CONNECTION */;
/*!40101 SET NAMES utf8mb4 */;

--
-- Database: `livestockbiz`
--

-- --------------------------------------------------------

--
-- Table structure for table `dinas`
--

CREATE TABLE `dinas` (
  `idDinas` int(11) NOT NULL,
  `usernameDinas` varchar(50) DEFAULT NULL,
  `passwordDinas` varchar(50) DEFAULT NULL,
  `namaDinas` varchar(100) DEFAULT NULL,
  `alamatDinas` varchar(255) DEFAULT NULL,
  `nomorTelepon` varchar(15) DEFAULT NULL
) ENGINE=InnoDB DEFAULT CHARSET=utf8mb4 COLLATE=utf8mb4_general_ci;

--
-- Dumping data for table `dinas`
--

INSERT INTO `dinas` (`idDinas`, `usernameDinas`, `passwordDinas`, `namaDinas`, `alamatDinas`, `nomorTelepon`) VALUES
(1, 'DinasHewan', 'DinasHewan', 'Dinas Hewan', 'Jl. Hewan No. 1', '021-12345678'),
(3, 'DinasKesehatan', 'DinasKesehatan', 'Dinas Kesehatan', 'Jl. Kesehatan No. 1', '021-87654321');

-- --------------------------------------------------------

--
-- Table structure for table `hewanternak`
--

CREATE TABLE `hewanternak` (
  `idHewanTernak` int(11) NOT NULL,
  `jenisHewan` varchar(50) DEFAULT NULL,
  `famili` varchar(50) DEFAULT NULL,
  `berat` decimal(10,2) DEFAULT NULL,
  `jenisKelamin` varchar(10) DEFAULT NULL,
  `usia` int(11) DEFAULT NULL,
  `vaksin` tinyint(1) DEFAULT NULL,
  `idPeternak` int(11) DEFAULT NULL,
  `idLokasi` int(11) DEFAULT NULL,
  `waktuPerubahan` datetime NOT NULL DEFAULT current_timestamp()
) ENGINE=InnoDB DEFAULT CHARSET=utf8mb4 COLLATE=utf8mb4_general_ci;

--
-- Dumping data for table `hewanternak`
--

INSERT INTO `hewanternak` (`idHewanTernak`, `jenisHewan`, `famili`, `berat`, `jenisKelamin`, `usia`, `vaksin`, `idPeternak`, `idLokasi`, `waktuPerubahan`) VALUES
(1, 'Sapi', 'Bovidae', '400.50', 'Jantan', 5, 1, 1, 1, '2024-06-01 12:34:56'),
(2, 'Kambing', 'Caprinae', '55.20', 'Betina', 2, 0, 1, 1, '2024-06-02 13:45:56'),
(3, 'Domba', 'Ovis', '65.30', 'Jantan', 3, 1, 1, 1, '2024-06-03 14:56:23'),
(4, 'Babi', 'Suidae', '102.00', 'Betina', 1, 1, 1, 1, '2024-06-04 15:23:45'),
(5, 'Sapi', 'Bovidae', '420.50', 'Betina', 6, 1, 2, 2, '2024-06-05 16:34:56'),
(6, 'Kambing', 'Caprinae', '60.20', 'Jantan', 3, 0, 2, 2, '2024-06-06 17:45:56'),
(7, 'Domba', 'Ovis', '70.30', 'Betina', 4, 1, 2, 2, '2024-06-07 18:56:23'),
(8, 'Babi', 'Suidae', '226.00', 'Jantan', 2, 1, 2, 2, '2024-06-08 19:23:45'),
(9, 'Sapi', 'Bovidae', '410.50', 'Jantan', 5, 1, 3, 3, '2024-06-01 12:34:56'),
(10, 'Kambing', 'Caprinae', '57.20', 'Betina', 2, 0, 3, 3, '2024-06-02 13:45:56'),
(11, 'Domba', 'Ovis', '67.30', 'Jantan', 3, 1, 3, 3, '2024-06-03 14:56:23'),
(12, 'Babi', 'Suidae', '118.00', 'Betina', 1, 1, 3, 3, '2024-06-04 15:23:45'),
(13, 'Sapi', 'Bovidae', '415.50', 'Betina', 6, 1, 4, 4, '2024-06-05 16:34:56'),
(14, 'Kambing', 'Caprinae', '58.20', 'Jantan', 3, 0, 4, 4, '2024-06-06 17:45:56'),
(15, 'Domba', 'Ovis', '68.30', 'Betina', 4, 1, 4, 4, '2024-06-07 18:56:23'),
(16, 'Babi', 'Suidae', '186.00', 'Jantan', 2, 1, 4, 4, '2024-06-08 19:23:45'),
(17, 'Sapi', 'Bovidae', '430.50', 'Jantan', 5, 1, 5, 5, '2024-06-01 12:34:56'),
(18, 'Kambing', 'Caprinae', '59.20', 'Betina', 2, 0, 5, 5, '2024-06-02 13:45:56'),
(19, 'Domba', 'Ovis', '69.30', 'Jantan', 3, 1, 5, 5, '2024-06-03 14:56:23'),
(20, 'Babi', 'Suidae', '112.00', 'Betina', 1, 1, 5, 5, '2024-06-04 15:23:45'),
(21, 'Sapi', 'Bovidae', '435.50', 'Betina', 6, 1, 6, 6, '2024-06-05 16:34:56'),
(22, 'Kambing', 'Caprinae', '60.00', 'Jantan', 3, 0, 6, 6, '2024-06-06 17:45:56'),
(23, 'Domba', 'Ovis', '70.50', 'Betina', 4, 1, 6, 6, '2024-06-07 18:56:23'),
(24, 'Babi', 'Suidae', '203.00', 'Jantan', 2, 1, 6, 6, '2024-06-08 19:23:45'),
(25, 'Sapi', 'Bovidae', '440.50', 'Jantan', 5, 1, 7, 7, '2024-06-01 12:34:56'),
(26, 'Kambing', 'Caprinae', '61.20', 'Betina', 2, 0, 7, 7, '2024-06-02 13:45:56'),
(27, 'Domba', 'Ovis', '71.30', 'Jantan', 3, 1, 7, 7, '2024-06-03 14:56:23'),
(28, 'Babi', 'Suidae', '113.00', 'Betina', 1, 1, 7, 7, '2024-06-04 15:23:45'),
(29, 'Sapi', 'Bovidae', '425.50', 'Betina', 6, 1, 8, 8, '2024-06-05 16:34:56'),
(30, 'Kambing', 'Caprinae', '62.20', 'Jantan', 3, 0, 8, 8, '2024-06-06 17:45:56'),
(31, 'Domba', 'Ovis', '72.30', 'Betina', 4, 1, 8, 8, '2024-06-07 18:56:23'),
(32, 'Babi', 'Suidae', '195.00', 'Jantan', 2, 1, 8, 8, '2024-06-08 19:23:45'),
(33, 'Sapi', 'Bovidae', '445.50', 'Jantan', 5, 1, 9, 9, '2024-06-01 12:34:56'),
(34, 'Kambing', 'Caprinae', '63.20', 'Betina', 2, 0, 9, 9, '2024-06-02 13:45:56'),
(35, 'Domba', 'Ovis', '73.30', 'Jantan', 3, 1, 9, 9, '2024-06-03 14:56:23'),
(36, 'Babi', 'Suidae', '110.00', 'Betina', 1, 1, 9, 9, '2024-06-04 15:23:45'),
(37, 'Sapi', 'Bovidae', '430.50', 'Betina', 6, 1, 10, 10, '2024-06-05 16:34:56'),
(38, 'Kambing', 'Caprinae', '64.20', 'Jantan', 3, 0, 10, 10, '2024-06-06 17:45:56'),
(39, 'Domba', 'Ovis', '74.30', 'Betina', 4, 1, 10, 10, '2024-06-07 18:56:23'),
(40, 'Babi', 'Suidae', '190.00', 'Jantan', 2, 1, 10, 10, '2024-06-08 19:23:45'),
(41, 'Sapi', 'Bovidae', '435.50', 'Jantan', 5, 1, 11, 11, '2024-06-01 12:34:56'),
(42, 'Kambing', 'Caprinae', '65.20', 'Betina', 2, 0, 11, 11, '2024-06-02 13:45:56'),
(43, 'Domba', 'Ovis', '75.30', 'Jantan', 3, 1, 11, 11, '2024-06-03 14:56:23'),
(44, 'Babi', 'Suidae', '106.00', 'Betina', 1, 1, 11, 11, '2024-06-04 15:23:45'),
(45, 'Sapi', 'Bovidae', '440.50', 'Betina', 6, 1, 12, 12, '2024-06-05 16:34:56'),
(46, 'Kambing', 'Caprinae', '66.20', 'Jantan', 3, 0, 12, 12, '2024-06-06 17:45:56'),
(47, 'Domba', 'Ovis', '76.30', 'Betina', 4, 1, 12, 12, '2024-06-07 18:56:23'),
(48, 'Babi', 'Suidae', '193.00', 'Jantan', 2, 1, 12, 12, '2024-06-08 19:23:45'),
(49, 'Sapi', 'Bovidae', '425.50', 'Jantan', 5, 1, 13, 13, '2024-06-01 12:34:56'),
(50, 'Kambing', 'Caprinae', '67.20', 'Betina', 2, 0, 13, 13, '2024-06-02 13:45:56'),
(51, 'Domba', 'Ovis', '77.30', 'Jantan', 3, 1, 13, 13, '2024-06-03 14:56:23'),
(52, 'Babi', 'Suidae', '114.00', 'Betina', 1, 1, 13, 13, '2024-06-04 15:23:45'),
(53, 'Sapi', 'Bovidae', '430.50', 'Betina', 6, 1, 14, 14, '2024-06-05 16:34:56'),
(54, 'Kambing', 'Caprinae', '68.20', 'Jantan', 3, 0, 14, 14, '2024-06-06 17:45:56'),
(55, 'Domba', 'Ovis', '78.30', 'Betina', 4, 1, 14, 14, '2024-06-07 18:56:23'),
(56, 'Babi', 'Suidae', '181.00', 'Jantan', 2, 1, 14, 14, '2024-06-08 19:23:45'),
(57, 'Sapi', 'Bovidae', '435.50', 'Jantan', 5, 1, 15, 15, '2024-06-01 12:34:56'),
(58, 'Kambing', 'Caprinae', '69.20', 'Betina', 2, 0, 15, 15, '2024-06-02 13:45:56'),
(59, 'Domba', 'Ovis', '79.30', 'Jantan', 3, 1, 15, 15, '2024-06-03 14:56:23'),
(60, 'Babi', 'Suidae', '113.00', 'Betina', 1, 1, 15, 15, '2024-06-04 15:23:45'),
(61, 'Sapi', 'Bovidae', '440.50', 'Betina', 6, 1, 16, 16, '2024-06-05 16:34:56'),
(62, 'Kambing', 'Caprinae', '70.00', 'Jantan', 3, 0, 16, 16, '2024-06-06 17:45:56'),
(63, 'Domba', 'Ovis', '80.30', 'Betina', 4, 1, 16, 16, '2024-06-07 18:56:23'),
(64, 'Babi', 'Suidae', '293.00', 'Jantan', 2, 1, 16, 16, '2024-06-08 19:23:45'),
(65, 'Sapi', 'Bovidae', '425.50', 'Jantan', 5, 1, 17, 17, '2024-06-01 12:34:56'),
(66, 'Kambing', 'Caprinae', '71.20', 'Betina', 2, 0, 17, 17, '2024-06-02 13:45:56'),
(67, 'Domba', 'Ovis', '81.30', 'Jantan', 3, 1, 17, 17, '2024-06-03 14:56:23'),
(68, 'Babi', 'Suidae', '103.00', 'Betina', 1, 1, 17, 17, '2024-06-04 15:23:45'),
(69, 'Sapi', 'Bovidae', '430.50', 'Betina', 6, 1, 18, 18, '2024-06-05 16:34:56'),
(70, 'Kambing', 'Caprinae', '72.20', 'Jantan', 3, 0, 18, 18, '2024-06-06 17:45:56'),
(71, 'Domba', 'Ovis', '82.30', 'Betina', 4, 1, 18, 18, '2024-06-07 18:56:23'),
(72, 'Babi', 'Suidae', '214.00', 'Jantan', 2, 1, 18, 18, '2024-06-08 19:23:45'),
(73, 'Sapi', 'Bovidae', '435.50', 'Jantan', 5, 1, 19, 19, '2024-06-01 12:34:56'),
(74, 'Kambing', 'Caprinae', '73.20', 'Betina', 2, 0, 19, 19, '2024-06-02 13:45:56'),
(75, 'Domba', 'Ovis', '83.30', 'Jantan', 3, 1, 19, 19, '2024-06-03 14:56:23'),
(76, 'Babi', 'Suidae', '114.00', 'Betina', 1, 1, 19, 19, '2024-06-04 15:23:45'),
(77, 'Sapi', 'Bovidae', '420.50', 'Betina', 6, 1, 20, 20, '2024-06-05 16:34:56'),
(78, 'Kambing', 'Caprinae', '74.20', 'Jantan', 3, 0, 20, 20, '2024-06-06 17:45:56'),
(79, 'Domba', 'Ovis', '84.30', 'Betina', 4, 1, 20, 20, '2024-06-07 18:56:23'),
(80, 'Babi', 'Suidae', '170.00', 'Jantan', 2, 1, 20, 20, '2024-06-08 19:23:45'),
(81, 'Sapi', 'Bovidae', '425.50', 'Jantan', 5, 1, 21, 21, '2024-06-01 12:34:56'),
(82, 'Kambing', 'Caprinae', '75.20', 'Betina', 2, 0, 21, 21, '2024-06-02 13:45:56'),
(83, 'Domba', 'Ovis', '85.30', 'Jantan', 3, 1, 21, 21, '2024-06-03 14:56:23'),
(84, 'Babi', 'Suidae', '120.00', 'Betina', 1, 1, 21, 21, '2024-06-04 15:23:45'),
(85, 'Sapi', 'Bovidae', '430.50', 'Betina', 6, 1, 22, 22, '2024-06-05 16:34:56'),
(86, 'Kambing', 'Caprinae', '76.20', 'Jantan', 3, 0, 22, 22, '2024-06-06 17:45:56'),
(87, 'Domba', 'Ovis', '86.30', 'Betina', 4, 1, 22, 22, '2024-06-07 18:56:23'),
(88, 'Babi', 'Suidae', '194.00', 'Jantan', 2, 1, 22, 22, '2024-06-08 19:23:45'),
(89, 'Sapi', 'Bovidae', '435.50', 'Jantan', 5, 1, 23, 23, '2024-06-01 12:34:56'),
(90, 'Kambing', 'Caprinae', '77.20', 'Betina', 2, 0, 23, 23, '2024-06-02 13:45:56'),
(91, 'Domba', 'Ovis', '87.30', 'Jantan', 3, 1, 23, 23, '2024-06-03 14:56:23'),
(92, 'Babi', 'Suidae', '105.00', 'Betina', 1, 1, 23, 23, '2024-06-04 15:23:45'),
(93, 'Sapi', 'Bovidae', '440.50', 'Betina', 6, 1, 24, 24, '2024-06-05 16:34:56'),
(94, 'Kambing', 'Caprinae', '78.20', 'Jantan', 3, 0, 24, 24, '2024-06-06 17:45:56'),
(95, 'Domba', 'Ovis', '88.30', 'Betina', 4, 1, 24, 24, '2024-06-07 18:56:23'),
(96, 'Babi', 'Suidae', '191.00', 'Jantan', 2, 1, 24, 24, '2024-06-08 19:23:45'),
(97, 'Sapi', 'Bovidae', '425.50', 'Jantan', 5, 1, 25, 25, '2024-06-01 12:34:56'),
(98, 'Kambing', 'Caprinae', '79.20', 'Betina', 2, 0, 25, 25, '2024-06-02 13:45:56'),
(99, 'Domba', 'Ovis', '89.30', 'Jantan', 3, 1, 25, 25, '2024-06-03 14:56:23'),
(100, 'Babi', 'Suidae', '102.00', 'Betina', 1, 1, 25, 25, '2024-06-04 15:23:45'),
(101, 'Sapi', 'Bovidae', '430.50', 'Betina', 6, 1, 26, 26, '2024-06-05 16:34:56'),
(102, 'Kambing', 'Caprinae', '80.20', 'Jantan', 3, 0, 26, 26, '2024-06-06 17:45:56'),
(103, 'Domba', 'Ovis', '90.30', 'Betina', 4, 1, 26, 26, '2024-06-07 18:56:23'),
(104, 'Babi', 'Suidae', '196.00', 'Jantan', 2, 1, 26, 26, '2024-06-08 19:23:45'),
(105, 'Sapi', 'Bovidae', '435.50', 'Jantan', 5, 1, 27, 27, '2024-06-01 12:34:56'),
(106, 'Kambing', 'Caprinae', '81.20', 'Betina', 2, 0, 27, 27, '2024-06-02 13:45:56'),
(107, 'Domba', 'Ovis', '91.30', 'Jantan', 3, 1, 27, 27, '2024-06-03 14:56:23'),
(108, 'Babi', 'Suidae', '121.00', 'Betina', 1, 1, 27, 27, '2024-06-04 15:23:45'),
(109, 'Sapi', 'Bovidae', '440.50', 'Betina', 6, 1, 28, 28, '2024-06-05 16:34:56'),
(110, 'Kambing', 'Caprinae', '82.20', 'Jantan', 3, 0, 28, 28, '2024-06-06 17:45:56'),
(111, 'Domba', 'Ovis', '92.30', 'Betina', 4, 1, 28, 28, '2024-06-07 18:56:23'),
(112, 'Babi', 'Suidae', '182.00', 'Jantan', 2, 1, 28, 28, '2024-06-08 19:23:45'),
(113, 'Sapi', 'Bovidae', '425.50', 'Jantan', 5, 1, 29, 29, '2024-06-01 12:34:56'),
(114, 'Kambing', 'Caprinae', '83.20', 'Betina', 2, 0, 29, 29, '2024-06-02 13:45:56'),
(115, 'Domba', 'Ovis', '93.30', 'Jantan', 3, 1, 29, 29, '2024-06-03 14:56:23'),
(116, 'Babi', 'Suidae', '104.00', 'Betina', 1, 1, 29, 29, '2024-06-04 15:23:45'),
(117, 'Sapi', 'Bovidae', '430.50', 'Betina', 6, 1, 30, 30, '2024-06-05 16:34:56'),
(118, 'Kambing', 'Caprinae', '84.20', 'Jantan', 3, 0, 30, 30, '2024-06-06 17:45:56'),
(119, 'Domba', 'Ovis', '94.30', 'Betina', 4, 1, 30, 30, '2024-06-07 18:56:23'),
(120, 'Babi', 'Suidae', '160.00', 'Jantan', 2, 1, 30, 30, '2024-06-08 19:23:45'),
(121, 'Sapi', 'Bovidae', '435.50', 'Jantan', 5, 1, 31, 31, '2024-06-01 12:34:56'),
(122, 'Kambing', 'Caprinae', '85.20', 'Betina', 2, 0, 31, 31, '2024-06-02 13:45:56'),
(123, 'Domba', 'Ovis', '95.30', 'Jantan', 3, 1, 31, 31, '2024-06-03 14:56:23'),
(124, 'Babi', 'Suidae', '113.00', 'Betina', 1, 1, 31, 31, '2024-06-04 15:23:45'),
(125, 'Sapi', 'Bovidae', '440.50', 'Betina', 6, 1, 32, 32, '2024-06-05 16:34:56'),
(126, 'Kambing', 'Caprinae', '86.20', 'Jantan', 3, 0, 32, 32, '2024-06-06 17:45:56'),
(127, 'Domba', 'Ovis', '96.30', 'Betina', 4, 1, 32, 32, '2024-06-07 18:56:23'),
(128, 'Babi', 'Suidae', '217.00', 'Jantan', 2, 1, 32, 32, '2024-06-08 19:23:45'),
(129, 'Sapi', 'Bovidae', '425.50', 'Jantan', 5, 1, 33, 33, '2024-06-01 12:34:56'),
(130, 'Kambing', 'Caprinae', '87.20', 'Betina', 2, 0, 33, 33, '2024-06-02 13:45:56'),
(131, 'Domba', 'Ovis', '97.30', 'Jantan', 3, 1, 33, 33, '2024-06-03 14:56:23'),
(132, 'Babi', 'Suidae', '109.00', 'Betina', 1, 1, 33, 33, '2024-06-04 15:23:45'),
(133, 'Sapi', 'Bovidae', '430.50', 'Betina', 6, 1, 34, 34, '2024-06-05 16:34:56'),
(134, 'Kambing', 'Caprinae', '88.20', 'Jantan', 3, 0, 34, 34, '2024-06-06 17:45:56'),
(135, 'Domba', 'Ovis', '98.30', 'Betina', 4, 1, 34, 34, '2024-06-07 18:56:23'),
(136, 'Babi', 'Suidae', '191.00', 'Jantan', 2, 1, 34, 34, '2024-06-08 19:23:45'),
(137, 'Sapi', 'Bovidae', '435.50', 'Jantan', 5, 1, 35, 35, '2024-06-01 12:34:56'),
(138, 'Kambing', 'Caprinae', '89.20', 'Betina', 2, 0, 35, 35, '2024-06-02 13:45:56'),
(139, 'Domba', 'Ovis', '99.30', 'Jantan', 3, 1, 35, 35, '2024-06-03 14:56:23'),
(140, 'Babi', 'Suidae', '126.00', 'Betina', 1, 1, 35, 35, '2024-06-04 15:23:45'),
(141, 'Sapi', 'Bovidae', '440.50', 'Betina', 6, 1, 36, 36, '2024-06-05 16:34:56'),
(142, 'Kambing', 'Caprinae', '90.20', 'Jantan', 3, 0, 36, 36, '2024-06-06 17:45:56'),
(143, 'Domba', 'Ovis', '100.30', 'Betina', 4, 1, 36, 36, '2024-06-07 18:56:23'),
(144, 'Babi', 'Suidae', '185.00', 'Jantan', 2, 1, 36, 36, '2024-06-08 19:23:45'),
(145, 'Sapi', 'Bovidae', '425.50', 'Jantan', 5, 1, 37, 37, '2024-06-01 12:34:56'),
(146, 'Kambing', 'Caprinae', '91.20', 'Betina', 2, 0, 37, 37, '2024-06-02 13:45:56'),
(147, 'Domba', 'Ovis', '101.30', 'Jantan', 3, 1, 37, 37, '2024-06-03 14:56:23'),
(148, 'Babi', 'Suidae', '106.00', 'Betina', 1, 1, 37, 37, '2024-06-04 15:23:45'),
(149, 'Sapi', 'Bovidae', '430.50', 'Betina', 6, 1, 38, 38, '2024-06-05 16:34:56'),
(150, 'Kambing', 'Caprinae', '92.20', 'Jantan', 3, 0, 38, 38, '2024-06-06 17:45:56'),
(151, 'Domba', 'Ovis', '102.30', 'Betina', 4, 1, 38, 38, '2024-06-07 18:56:23'),
(152, 'Babi', 'Suidae', '216.00', 'Jantan', 2, 1, 38, 38, '2024-06-08 19:23:45'),
(153, 'Sapi', 'Bovidae', '435.50', 'Jantan', 5, 1, 39, 39, '2024-06-01 12:34:56'),
(154, 'Kambing', 'Caprinae', '93.20', 'Betina', 2, 0, 39, 39, '2024-06-02 13:45:56'),
(155, 'Domba', 'Ovis', '103.30', 'Jantan', 3, 1, 39, 39, '2024-06-03 14:56:23'),
(156, 'Babi', 'Suidae', '101.00', 'Betina', 1, 1, 39, 39, '2024-06-04 15:23:45'),
(157, 'Sapi', 'Bovidae', '440.50', 'Betina', 6, 1, 40, 40, '2024-06-05 16:34:56'),
(158, 'Kambing', 'Caprinae', '94.20', 'Jantan', 3, 0, 40, 40, '2024-06-06 17:45:56'),
(159, 'Domba', 'Ovis', '104.30', 'Betina', 4, 1, 40, 40, '2024-06-07 18:56:23'),
(160, 'Babi', 'Suidae', '175.00', 'Jantan', 2, 1, 40, 40, '2024-06-08 19:23:45'),
(161, 'Sapi', 'Bovidae', '425.50', 'Jantan', 5, 1, 41, 41, '2024-06-01 12:34:56'),
(162, 'Kambing', 'Caprinae', '95.20', 'Betina', 2, 0, 41, 41, '2024-06-02 13:45:56'),
(163, 'Domba', 'Ovis', '105.30', 'Jantan', 3, 1, 41, 41, '2024-06-03 14:56:23'),
(164, 'Babi', 'Suidae', '108.00', 'Betina', 1, 1, 41, 41, '2024-06-04 15:23:45'),
(165, 'Sapi', 'Bovidae', '430.50', 'Betina', 6, 1, 42, 42, '2024-06-05 16:34:56'),
(166, 'Kambing', 'Caprinae', '96.20', 'Jantan', 3, 0, 42, 42, '2024-06-06 17:45:56'),
(167, 'Domba', 'Ovis', '106.30', 'Betina', 4, 1, 42, 42, '2024-06-07 18:56:23'),
(168, 'Babi', 'Suidae', '180.00', '', 2, 1, 42, 42, '2024-06-08 19:23:45'),
(169, 'Sapi', 'Bovidae', '435.50', 'Jantan', 5, 1, 43, 43, '2024-06-01 12:34:56'),
(170, 'Kambing', 'Caprinae', '97.20', 'Betina', 2, 0, 43, 43, '2024-06-02 13:45:56'),
(171, 'Domba', 'Ovis', '107.30', 'Jantan', 3, 1, 43, 43, '2024-06-03 14:56:23'),
(172, 'Babi', 'Suidae', '107.00', 'Betina', 1, 1, 43, 43, '2024-06-04 15:23:45'),
(173, 'Sapi', 'Bovidae', '440.50', 'Betina', 6, 1, 44, 44, '2024-06-05 16:34:56'),
(174, 'Kambing', 'Caprinae', '98.20', 'Jantan', 3, 0, 44, 44, '2024-06-06 17:45:56'),
(175, 'Domba', 'Ovis', '108.30', 'Betina', 4, 1, 44, 44, '2024-06-07 18:56:23'),
(176, 'Babi', 'Suidae', '180.00', 'Jantan', 2, 1, 44, 44, '2024-06-08 19:23:45'),
(177, 'Sapi', 'Bovidae', '425.50', 'Jantan', 5, 1, 45, 45, '2024-06-01 12:34:56'),
(178, 'Kambing', 'Caprinae', '99.20', 'Betina', 2, 0, 45, 45, '2024-06-02 13:45:56'),
(179, 'Domba', 'Ovis', '109.30', 'Jantan', 3, 1, 45, 45, '2024-06-03 14:56:23'),
(180, 'Babi', 'Suidae', '117.00', 'Betina', 1, 1, 45, 45, '2024-06-04 15:23:45'),
(181, 'Sapi', 'Bovidae', '430.50', 'Betina', 6, 1, 46, 46, '2024-06-05 16:34:56'),
(182, 'Kambing', 'Caprinae', '100.20', 'Jantan', 3, 0, 46, 46, '2024-06-06 17:45:56'),
(183, 'Domba', 'Ovis', '110.30', 'Betina', 4, 1, 46, 46, '2024-06-07 18:56:23'),
(184, 'Babi', 'Suidae', '185.00', 'Jantan', 2, 1, 46, 46, '2024-06-08 19:23:45'),
(185, 'Sapi', 'Bovidae', '435.50', 'Jantan', 5, 1, 47, 47, '2024-06-01 12:34:56'),
(186, 'Kambing', 'Caprinae', '101.20', 'Betina', 2, 0, 47, 47, '2024-06-02 13:45:56'),
(187, 'Domba', 'Ovis', '111.30', 'Jantan', 3, 1, 47, 47, '2024-06-03 14:56:23'),
(188, 'Babi', 'Suidae', '107.00', 'Betina', 1, 1, 47, 47, '2024-06-04 15:23:45'),
(189, 'Sapi', 'Bovidae', '440.50', 'Betina', 6, 1, 48, 48, '2024-06-05 16:34:56'),
(190, 'Kambing', 'Caprinae', '102.20', 'Jantan', 3, 0, 48, 48, '2024-06-06 17:45:56'),
(191, 'Domba', 'Ovis', '112.30', 'Betina', 4, 1, 48, 48, '2024-06-07 18:56:23'),
(192, 'Babi', 'Suidae', '224.00', 'Jantan', 2, 1, 48, 48, '2024-06-08 19:23:45'),
(193, 'Sapi', 'Bovidae', '425.50', 'Jantan', 5, 1, 49, 49, '2024-06-01 12:34:56'),
(194, 'Kambing', 'Caprinae', '103.20', 'Betina', 2, 0, 49, 49, '2024-06-02 13:45:56'),
(195, 'Domba', 'Ovis', '113.30', 'Jantan', 3, 1, 49, 49, '2024-06-03 14:56:23'),
(196, 'Babi', 'Suidae', '106.00', 'Betina', 1, 1, 49, 49, '2024-06-04 15:23:45'),
(197, 'Sapi', 'Bovidae', '430.50', 'Betina', 6, 1, 50, 50, '2024-06-05 16:34:56'),
(198, 'Kambing', 'Caprinae', '104.20', 'Jantan', 3, 0, 50, 50, '2024-06-06 17:45:56'),
(199, 'Domba', 'Ovis', '114.30', 'Betina', 4, 1, 50, 50, '2024-06-07 18:56:23'),
(200, 'Babi', 'Suidae', '177.00', 'Jantan', 2, 1, 50, 50, '2024-06-08 19:23:45'),
(201, 'Sapi', 'Bovidae', '450.50', 'Jantan', 5, 1, 1, 1, '2024-06-09 12:34:56'),
(202, 'Kambing', 'Caprinae', '75.20', 'Betina', 2, 0, 1, 1, '2024-06-10 13:45:56'),
(203, 'Domba', 'Ovis', '85.30', 'Jantan', 3, 1, 1, 1, '2024-06-11 14:56:23'),
(204, 'Babi', 'Suidae', '200.50', 'Betina', 4, 1, 1, 1, '2024-06-12 15:23:45'),
(205, 'Kerbau', 'Bovidae', '500.50', 'Jantan', 6, 1, 2, 2, '2024-06-13 16:34:56'),
(206, 'Kuda', 'Equidae', '350.20', 'Betina', 7, 0, 2, 2, '2024-06-14 17:45:56'),
(207, 'Sapi', 'Bovidae', '460.50', 'Jantan', 5, 1, 2, 2, '2024-06-15 18:56:23'),
(208, 'Kambing', 'Caprinae', '80.20', 'Betina', 3, 1, 2, 2, '2024-06-16 19:23:45'),
(209, 'Domba', 'Ovis', '90.30', 'Jantan', 4, 1, 3, 3, '2024-06-17 12:34:56'),
(210, 'Babi', 'Suidae', '210.50', 'Betina', 5, 0, 3, 3, '2024-06-18 13:45:56'),
(211, 'Kerbau', 'Bovidae', '510.50', 'Jantan', 6, 1, 3, 3, '2024-06-19 14:56:23'),
(212, 'Kuda', 'Equidae', '360.20', 'Betina', 7, 1, 3, 3, '2024-06-20 15:23:45'),
(213, 'Sapi', 'Bovidae', '470.50', 'Jantan', 5, 1, 4, 4, '2024-06-21 16:34:56'),
(214, 'Kambing', 'Caprinae', '85.20', 'Betina', 2, 0, 4, 4, '2024-06-22 17:45:56'),
(215, 'Domba', 'Ovis', '95.30', 'Jantan', 3, 1, 4, 4, '2024-06-23 18:56:23'),
(216, 'Babi', 'Suidae', '220.50', 'Betina', 4, 1, 4, 4, '2024-06-24 19:23:45'),
(217, 'Kerbau', 'Bovidae', '520.50', 'Jantan', 6, 1, 5, 5, '2024-06-25 12:34:56'),
(218, 'Kuda', 'Equidae', '370.20', 'Betina', 7, 0, 5, 5, '2024-06-26 13:45:56'),
(219, 'Sapi', 'Bovidae', '480.50', 'Jantan', 5, 1, 5, 5, '2024-06-27 14:56:23'),
(220, 'Kambing', 'Caprinae', '90.20', 'Betina', 3, 1, 5, 5, '2024-06-28 15:23:45'),
(221, 'Domba', 'Ovis', '100.30', 'Jantan', 4, 1, 6, 6, '2024-06-29 16:34:56'),
(222, 'Babi', 'Suidae', '230.50', 'Betina', 5, 0, 6, 6, '2024-06-30 17:45:56'),
(223, 'Kerbau', 'Bovidae', '530.50', 'Jantan', 6, 1, 6, 6, '2024-07-01 18:56:23'),
(224, 'Kuda', 'Equidae', '380.20', 'Betina', 7, 1, 6, 6, '2024-07-02 19:23:45'),
(225, 'Sapi', 'Bovidae', '490.50', 'Jantan', 5, 1, 7, 7, '2024-07-03 12:34:56'),
(226, 'Kambing', 'Caprinae', '95.20', 'Betina', 2, 0, 7, 7, '2024-07-04 13:45:56'),
(227, 'Domba', 'Ovis', '105.30', 'Jantan', 3, 1, 7, 7, '2024-07-05 14:56:23'),
(228, 'Babi', 'Suidae', '240.50', 'Betina', 4, 1, 7, 7, '2024-07-06 15:23:45'),
(229, 'Kerbau', 'Bovidae', '540.50', 'Jantan', 6, 1, 8, 8, '2024-07-07 16:34:56'),
(230, 'Kuda', 'Equidae', '390.20', 'Betina', 7, 0, 8, 8, '2024-07-08 17:45:56'),
(231, 'Sapi', 'Bovidae', '500.50', 'Jantan', 5, 1, 8, 8, '2024-07-09 18:56:23'),
(232, 'Kambing', 'Caprinae', '100.20', 'Betina', 3, 1, 8, 8, '2024-07-10 19:23:45'),
(233, 'Domba', 'Ovis', '110.30', 'Jantan', 4, 1, 9, 9, '2024-07-11 12:34:56'),
(234, 'Babi', 'Suidae', '250.50', 'Betina', 5, 0, 9, 9, '2024-07-12 13:45:56'),
(235, 'Kerbau', 'Bovidae', '550.50', 'Jantan', 6, 1, 9, 9, '2024-07-13 14:56:23'),
(236, 'Kuda', 'Equidae', '400.20', 'Betina', 7, 1, 9, 9, '2024-07-14 15:23:45'),
(237, 'Sapi', 'Bovidae', '510.50', 'Jantan', 5, 1, 10, 10, '2024-07-15 16:34:56'),
(238, 'Kambing', 'Caprinae', '105.20', 'Betina', 2, 0, 10, 10, '2024-07-16 17:45:56'),
(239, 'Domba', 'Ovis', '115.30', 'Jantan', 3, 1, 10, 10, '2024-07-17 18:56:23'),
(240, 'Babi', 'Suidae', '260.50', 'Betina', 4, 1, 10, 10, '2024-07-18 19:23:45'),
(241, 'Kerbau', 'Bovidae', '560.50', 'Jantan', 6, 1, 11, 11, '2024-07-19 12:34:56'),
(242, 'Kuda', 'Equidae', '410.20', 'Betina', 7, 0, 11, 11, '2024-07-20 13:45:56'),
(243, 'Sapi', 'Bovidae', '520.50', 'Jantan', 5, 1, 11, 11, '2024-07-21 14:56:23'),
(244, 'Kambing', 'Caprinae', '110.20', 'Betina', 3, 1, 11, 11, '2024-07-22 15:23:45'),
(245, 'Domba', 'Ovis', '120.30', 'Jantan', 4, 1, 12, 12, '2024-07-23 16:34:56'),
(246, 'Babi', 'Suidae', '270.50', 'Betina', 5, 0, 12, 12, '2024-07-24 17:45:56'),
(247, 'Kerbau', 'Bovidae', '570.50', 'Jantan', 6, 1, 12, 12, '2024-07-25 18:56:23'),
(248, 'Kuda', 'Equidae', '420.20', 'Betina', 7, 1, 12, 12, '2024-07-26 19:23:45'),
(249, 'Sapi', 'Bovidae', '530.50', 'Jantan', 5, 1, 13, 13, '2024-07-27 12:34:56'),
(250, 'Kambing', 'Caprinae', '115.20', 'Betina', 2, 0, 13, 13, '2024-07-28 13:45:56'),
(251, 'Domba', 'Ovis', '125.30', 'Jantan', 3, 1, 13, 13, '2024-07-29 14:56:23'),
(252, 'Babi', 'Suidae', '280.50', 'Betina', 4, 1, 13, 13, '2024-07-30 15:23:45'),
(253, 'Kerbau', 'Bovidae', '580.50', 'Jantan', 6, 1, 14, 14, '2024-07-31 16:34:56'),
(254, 'Kuda', 'Equidae', '430.20', 'Betina', 7, 0, 14, 14, '2024-08-01 17:45:56'),
(255, 'Sapi', 'Bovidae', '540.50', 'Jantan', 5, 1, 14, 14, '2024-08-02 18:56:23'),
(256, 'Kambing', 'Caprinae', '120.20', 'Betina', 3, 1, 14, 14, '2024-08-03 19:23:45'),
(257, 'Domba', 'Ovis', '130.30', 'Jantan', 4, 1, 15, 15, '2024-08-04 12:34:56'),
(258, 'Babi', 'Suidae', '290.50', 'Betina', 5, 0, 15, 15, '2024-08-05 13:45:56'),
(259, 'Kerbau', 'Bovidae', '590.50', 'Jantan', 6, 1, 15, 15, '2024-08-06 14:56:23'),
(260, 'Kuda', 'Equidae', '440.20', 'Betina', 7, 1, 15, 15, '2024-08-07 15:23:45'),
(261, 'Sapi', 'Bovidae', '550.50', 'Jantan', 5, 1, 16, 16, '2024-08-08 16:34:56'),
(262, 'Kambing', 'Caprinae', '125.20', 'Betina', 2, 0, 16, 16, '2024-08-09 17:45:56'),
(263, 'Domba', 'Ovis', '135.30', 'Jantan', 3, 1, 16, 16, '2024-08-10 18:56:23'),
(264, 'Babi', 'Suidae', '300.50', 'Betina', 4, 1, 16, 16, '2024-08-11 19:23:45'),
(265, 'Kerbau', 'Bovidae', '600.50', 'Jantan', 6, 1, 17, 17, '2024-08-12 12:34:56'),
(266, 'Kuda', 'Equidae', '450.20', 'Betina', 7, 0, 17, 17, '2024-08-13 13:45:56'),
(267, 'Sapi', 'Bovidae', '560.50', 'Jantan', 5, 1, 17, 17, '2024-08-14 14:56:23'),
(268, 'Kambing', 'Caprinae', '130.20', 'Betina', 3, 1, 17, 17, '2024-08-15 15:23:45'),
(269, 'Domba', 'Ovis', '140.30', 'Jantan', 4, 1, 18, 18, '2024-08-16 16:34:56'),
(270, 'Babi', 'Suidae', '310.50', 'Betina', 5, 0, 18, 18, '2024-08-17 17:45:56'),
(271, 'Kerbau', 'Bovidae', '610.50', 'Jantan', 6, 1, 18, 18, '2024-08-18 18:56:23'),
(272, 'Kuda', 'Equidae', '460.20', 'Betina', 7, 1, 18, 18, '2024-08-19 19:23:45'),
(273, 'Sapi', 'Bovidae', '570.50', 'Jantan', 5, 1, 19, 19, '2024-08-20 12:34:56'),
(274, 'Kambing', 'Caprinae', '135.20', 'Betina', 2, 0, 19, 19, '2024-08-21 13:45:56'),
(275, 'Domba', 'Ovis', '145.30', 'Jantan', 3, 1, 19, 19, '2024-08-22 14:56:23'),
(276, 'Babi', 'Suidae', '320.50', 'Betina', 4, 1, 19, 19, '2024-08-23 15:23:45'),
(277, 'Kerbau', 'Bovidae', '620.50', 'Jantan', 6, 1, 20, 20, '2024-08-24 16:34:56'),
(278, 'Kuda', 'Equidae', '470.20', 'Betina', 7, 0, 20, 20, '2024-08-25 17:45:56'),
(279, 'Sapi', 'Bovidae', '580.50', 'Jantan', 5, 1, 20, 20, '2024-08-26 18:56:23'),
(280, 'Kambing', 'Caprinae', '140.20', 'Betina', 3, 1, 20, 20, '2024-08-27 19:23:45'),
(281, 'Domba', 'Ovis', '150.30', 'Jantan', 4, 1, 21, 21, '2024-08-28 12:34:56'),
(282, 'Babi', 'Suidae', '330.50', 'Betina', 5, 0, 21, 21, '2024-08-29 13:45:56'),
(283, 'Kerbau', 'Bovidae', '630.50', 'Jantan', 6, 1, 21, 21, '2024-08-30 14:56:23'),
(284, 'Kuda', 'Equidae', '480.20', 'Betina', 7, 1, 21, 21, '2024-08-31 15:23:45'),
(285, 'Sapi', 'Bovidae', '590.50', 'Jantan', 5, 1, 22, 22, '2024-09-01 16:34:56'),
(286, 'Kambing', 'Caprinae', '145.20', 'Betina', 2, 0, 22, 22, '2024-09-02 17:45:56'),
(287, 'Domba', 'Ovis', '155.30', 'Jantan', 3, 1, 22, 22, '2024-09-03 18:56:23'),
(288, 'Babi', 'Suidae', '340.50', 'Betina', 4, 1, 22, 22, '2024-09-04 19:23:45'),
(289, 'Kerbau', 'Bovidae', '640.50', 'Jantan', 6, 1, 23, 23, '2024-09-05 12:34:56'),
(290, 'Kuda', 'Equidae', '490.20', 'Betina', 7, 0, 23, 23, '2024-09-06 13:45:56'),
(291, 'Sapi', 'Bovidae', '600.50', 'Jantan', 5, 1, 23, 23, '2024-09-07 14:56:23'),
(292, 'Kambing', 'Caprinae', '150.20', 'Betina', 3, 1, 23, 23, '2024-09-08 15:23:45'),
(293, 'Domba', 'Ovis', '160.30', 'Jantan', 4, 1, 24, 24, '2024-09-09 16:34:56'),
(294, 'Babi', 'Suidae', '350.50', 'Betina', 5, 0, 24, 24, '2024-09-10 17:45:56'),
(295, 'Kerbau', 'Bovidae', '650.50', 'Jantan', 6, 1, 24, 24, '2024-09-11 18:56:23'),
(296, 'Kuda', 'Equidae', '500.20', 'Betina', 7, 1, 24, 24, '2024-09-12 19:23:45'),
(297, 'Sapi', 'Bovidae', '610.50', 'Jantan', 5, 1, 25, 25, '2024-09-13 12:34:56'),
(298, 'Kambing', 'Caprinae', '155.20', 'Betina', 2, 0, 25, 25, '2024-09-14 13:45:56'),
(299, 'Domba', 'Ovis', '165.30', 'Jantan', 3, 1, 25, 25, '2024-09-15 14:56:23'),
(300, 'Babi', 'Suidae', '360.50', 'Betina', 4, 1, 25, 25, '2024-09-16 15:23:45'),
(301, 'Kerbau', 'Bovidae', '660.50', 'Jantan', 6, 1, 26, 26, '2024-09-17 16:34:56'),
(302, 'Kuda', 'Equidae', '510.20', 'Betina', 7, 0, 26, 26, '2024-09-18 17:45:56'),
(303, 'Sapi', 'Bovidae', '620.50', 'Jantan', 5, 1, 26, 26, '2024-09-19 18:56:23'),
(304, 'Kambing', 'Caprinae', '160.20', 'Betina', 3, 1, 26, 26, '2024-09-20 19:23:45'),
(305, 'Domba', 'Ovis', '170.30', 'Jantan', 4, 1, 27, 27, '2024-09-21 12:34:56'),
(306, 'Babi', 'Suidae', '370.50', 'Betina', 5, 0, 27, 27, '2024-09-22 13:45:56'),
(307, 'Kerbau', 'Bovidae', '670.50', 'Jantan', 6, 1, 27, 27, '2024-09-23 14:56:23'),
(308, 'Kuda', 'Equidae', '520.20', 'Betina', 7, 1, 27, 27, '2024-09-24 15:23:45'),
(309, 'Sapi', 'Bovidae', '630.50', 'Jantan', 5, 1, 28, 28, '2024-09-25 16:34:56'),
(310, 'Kambing', 'Caprinae', '165.20', 'Betina', 2, 0, 28, 28, '2024-09-26 17:45:56'),
(311, 'Domba', 'Ovis', '175.30', 'Jantan', 3, 1, 28, 28, '2024-09-27 18:56:23'),
(312, 'Babi', 'Suidae', '380.50', 'Betina', 4, 1, 28, 28, '2024-09-28 19:23:45'),
(313, 'Kerbau', 'Bovidae', '680.50', 'Jantan', 6, 1, 29, 29, '2024-09-29 12:34:56'),
(314, 'Kuda', 'Equidae', '530.20', 'Betina', 7, 0, 29, 29, '2024-09-30 13:45:56'),
(315, 'Sapi', 'Bovidae', '640.50', 'Jantan', 5, 1, 29, 29, '2024-10-01 14:56:23'),
(316, 'Kambing', 'Caprinae', '170.20', 'Betina', 3, 1, 29, 29, '2024-10-02 15:23:45'),
(317, 'Domba', 'Ovis', '180.30', 'Jantan', 4, 1, 30, 30, '2024-10-03 16:34:56'),
(318, 'Babi', 'Suidae', '390.50', 'Betina', 5, 0, 30, 30, '2024-10-04 17:45:56'),
(319, 'Kerbau', 'Bovidae', '690.50', 'Jantan', 6, 1, 30, 30, '2024-10-05 18:56:23'),
(320, 'Kuda', 'Equidae', '540.20', 'Betina', 7, 1, 30, 30, '2024-10-06 19:23:45'),
(321, 'Sapi', 'Bovidae', '650.50', 'Jantan', 5, 1, 31, 31, '2024-10-07 12:34:56'),
(322, 'Kambing', 'Caprinae', '175.20', 'Betina', 2, 0, 31, 31, '2024-10-08 13:45:56'),
(323, 'Domba', 'Ovis', '185.30', 'Jantan', 3, 1, 31, 31, '2024-10-09 14:56:23'),
(324, 'Babi', 'Suidae', '400.50', 'Betina', 4, 1, 31, 31, '2024-10-10 15:23:45'),
(325, 'Kerbau', 'Bovidae', '700.50', 'Jantan', 6, 1, 32, 32, '2024-10-11 16:34:56'),
(326, 'Kuda', 'Equidae', '550.20', 'Betina', 7, 0, 32, 32, '2024-10-12 17:45:56'),
(327, 'Sapi', 'Bovidae', '660.50', 'Jantan', 5, 1, 32, 32, '2024-10-13 18:56:23'),
(328, 'Kambing', 'Caprinae', '180.20', 'Betina', 3, 1, 32, 32, '2024-10-14 19:23:45'),
(329, 'Domba', 'Ovis', '190.30', 'Jantan', 4, 1, 33, 33, '2024-10-15 12:34:56'),
(330, 'Babi', 'Suidae', '410.50', 'Betina', 5, 0, 33, 33, '2024-10-16 13:45:56'),
(331, 'Kerbau', 'Bovidae', '710.50', 'Jantan', 6, 1, 33, 33, '2024-10-17 14:56:23'),
(332, 'Kuda', 'Equidae', '560.20', 'Betina', 7, 1, 33, 33, '2024-10-18 15:23:45'),
(333, 'Sapi', 'Bovidae', '670.50', 'Jantan', 5, 1, 34, 34, '2024-10-19 16:34:56'),
(334, 'Kambing', 'Caprinae', '185.20', 'Betina', 2, 0, 34, 34, '2024-10-20 17:45:56'),
(335, 'Domba', 'Ovis', '195.30', 'Jantan', 3, 1, 34, 34, '2024-10-21 18:56:23'),
(336, 'Babi', 'Suidae', '420.50', 'Betina', 4, 1, 34, 34, '2024-10-22 19:23:45'),
(337, 'Kerbau', 'Bovidae', '720.50', 'Jantan', 6, 1, 35, 35, '2024-10-23 12:34:56'),
(338, 'Kuda', 'Equidae', '570.20', 'Betina', 7, 0, 35, 35, '2024-10-24 13:45:56'),
(339, 'Sapi', 'Bovidae', '680.50', 'Jantan', 5, 1, 35, 35, '2024-10-25 14:56:23'),
(340, 'Kambing', 'Caprinae', '190.20', 'Betina', 3, 1, 35, 35, '2024-10-26 15:23:45'),
(341, 'Domba', 'Ovis', '200.30', 'Jantan', 4, 1, 36, 36, '2024-10-27 16:34:56'),
(342, 'Babi', 'Suidae', '430.50', 'Betina', 5, 0, 36, 36, '2024-10-28 17:45:56'),
(343, 'Kerbau', 'Bovidae', '730.50', 'Jantan', 6, 1, 36, 36, '2024-10-29 18:56:23'),
(344, 'Kuda', 'Equidae', '580.20', 'Betina', 7, 1, 36, 36, '2024-10-30 19:23:45'),
(345, 'Sapi', 'Bovidae', '690.50', 'Jantan', 5, 1, 37, 37, '2024-10-31 12:34:56'),
(346, 'Kambing', 'Caprinae', '195.20', 'Betina', 2, 0, 37, 37, '2024-11-01 13:45:56'),
(347, 'Domba', 'Ovis', '205.30', 'Jantan', 3, 1, 37, 37, '2024-11-02 14:56:23'),
(348, 'Babi', 'Suidae', '440.50', 'Betina', 4, 1, 37, 37, '2024-11-03 15:23:45'),
(349, 'Kerbau', 'Bovidae', '740.50', 'Jantan', 6, 1, 38, 38, '2024-11-04 16:34:56'),
(350, 'Kuda', 'Equidae', '590.20', 'Betina', 7, 0, 38, 38, '2024-11-05 17:45:56'),
(351, 'Sapi', 'Bovidae', '700.50', 'Jantan', 5, 1, 38, 38, '2024-11-06 18:56:23'),
(352, 'Kambing', 'Caprinae', '200.20', 'Betina', 3, 1, 38, 38, '2024-11-07 19:23:45'),
(353, 'Domba', 'Ovis', '210.30', 'Jantan', 4, 1, 39, 39, '2024-11-08 12:34:56'),
(354, 'Babi', 'Suidae', '450.50', 'Betina', 5, 0, 39, 39, '2024-11-09 13:45:56'),
(355, 'Kerbau', 'Bovidae', '750.50', 'Jantan', 6, 1, 39, 39, '2024-11-10 14:56:23'),
(356, 'Kuda', 'Equidae', '600.20', 'Betina', 7, 1, 39, 39, '2024-11-11 15:23:45'),
(357, 'Sapi', 'Bovidae', '710.50', 'Jantan', 5, 1, 40, 40, '2024-11-12 16:34:56'),
(358, 'Kambing', 'Caprinae', '205.20', 'Betina', 2, 0, 40, 40, '2024-11-13 17:45:56'),
(359, 'Domba', 'Ovis', '215.30', 'Jantan', 3, 1, 40, 40, '2024-11-14 18:56:23'),
(360, 'Babi', 'Suidae', '460.50', 'Betina', 4, 1, 40, 40, '2024-11-15 19:23:45'),
(361, 'Kerbau', 'Bovidae', '760.50', 'Jantan', 6, 1, 41, 41, '2024-11-16 12:34:56'),
(362, 'Kuda', 'Equidae', '610.20', 'Betina', 7, 0, 41, 41, '2024-11-17 13:45:56'),
(363, 'Sapi', 'Bovidae', '720.50', 'Jantan', 5, 1, 41, 41, '2024-11-18 14:56:23'),
(364, 'Kambing', 'Caprinae', '210.20', 'Betina', 3, 1, 41, 41, '2024-11-19 15:23:45'),
(365, 'Domba', 'Ovis', '220.30', 'Jantan', 4, 1, 42, 42, '2024-11-20 16:34:56'),
(366, 'Babi', 'Suidae', '470.50', 'Betina', 5, 0, 42, 42, '2024-11-21 17:45:56'),
(367, 'Kerbau', 'Bovidae', '770.50', 'Jantan', 6, 1, 42, 42, '2024-11-22 18:56:23'),
(368, 'Kuda', 'Equidae', '620.20', 'Betina', 7, 1, 42, 42, '2024-11-23 19:23:45'),
(369, 'Sapi', 'Bovidae', '730.50', 'Jantan', 5, 1, 43, 43, '2024-11-24 12:34:56'),
(370, 'Kambing', 'Caprinae', '215.20', 'Betina', 2, 0, 43, 43, '2024-11-25 13:45:56'),
(371, 'Domba', 'Ovis', '225.30', 'Jantan', 3, 1, 43, 43, '2024-11-26 14:56:23'),
(372, 'Babi', 'Suidae', '480.50', 'Betina', 4, 1, 43, 43, '2024-11-27 15:23:45'),
(373, 'Kerbau', 'Bovidae', '780.50', 'Jantan', 6, 1, 44, 44, '2024-11-28 16:34:56'),
(374, 'Kuda', 'Equidae', '630.20', 'Betina', 7, 0, 44, 44, '2024-11-29 17:45:56'),
(375, 'Sapi', 'Bovidae', '740.50', 'Jantan', 5, 1, 44, 44, '2024-11-30 18:56:23'),
(376, 'Kambing', 'Caprinae', '220.20', 'Betina', 3, 1, 44, 44, '2024-12-01 19:23:45'),
(377, 'Domba', 'Ovis', '230.30', 'Jantan', 4, 1, 45, 45, '2024-12-02 12:34:56'),
(378, 'Babi', 'Suidae', '490.50', 'Betina', 5, 0, 45, 45, '2024-12-03 13:45:56'),
(379, 'Kerbau', 'Bovidae', '790.50', 'Jantan', 6, 1, 45, 45, '2024-12-04 14:56:23'),
(380, 'Kuda', 'Equidae', '640.20', 'Betina', 7, 1, 45, 45, '2024-12-05 15:23:45'),
(381, 'Sapi', 'Bovidae', '750.50', 'Jantan', 5, 1, 46, 46, '2024-12-06 16:34:56'),
(382, 'Kambing', 'Caprinae', '225.20', 'Betina', 2, 0, 46, 46, '2024-12-07 17:45:56'),
(383, 'Domba', 'Ovis', '235.30', 'Jantan', 3, 1, 46, 46, '2024-12-08 18:56:23'),
(384, 'Babi', 'Suidae', '500.50', 'Betina', 4, 1, 46, 46, '2024-12-09 19:23:45'),
(385, 'Kerbau', 'Bovidae', '800.50', 'Jantan', 6, 1, 47, 47, '2024-12-10 12:34:56'),
(386, 'Kuda', 'Equidae', '650.20', 'Betina', 7, 0, 47, 47, '2024-12-11 13:45:56'),
(387, 'Sapi', 'Bovidae', '760.50', 'Jantan', 5, 1, 47, 47, '2024-12-12 14:56:23'),
(388, 'Kambing', 'Caprinae', '230.20', 'Betina', 3, 1, 47, 47, '2024-12-13 15:23:45'),
(389, 'Domba', 'Ovis', '240.30', 'Jantan', 4, 1, 48, 48, '2024-12-14 16:34:56'),
(390, 'Babi', 'Suidae', '510.50', 'Betina', 5, 0, 48, 48, '2024-12-15 17:45:56'),
(391, 'Kerbau', 'Bovidae', '810.50', 'Jantan', 6, 1, 48, 48, '2024-12-16 18:56:23'),
(392, 'Kuda', 'Equidae', '660.20', 'Betina', 7, 1, 48, 48, '2024-12-17 19:23:45'),
(393, 'Sapi', 'Bovidae', '770.50', 'Jantan', 5, 1, 49, 49, '2024-12-18 12:34:56'),
(394, 'Kambing', 'Caprinae', '235.20', 'Betina', 2, 0, 49, 49, '2024-12-19 13:45:56'),
(395, 'Domba', 'Ovis', '245.30', 'Jantan', 3, 1, 49, 49, '2024-12-20 14:56:23'),
(396, 'Babi', 'Suidae', '520.50', 'Betina', 4, 1, 49, 49, '2024-12-21 15:23:45'),
(397, 'Kerbau', 'Bovidae', '820.50', 'Jantan', 6, 1, 50, 50, '2024-12-22 16:34:56'),
(398, 'Kuda', 'Equidae', '670.20', 'Betina', 7, 0, 50, 50, '2024-12-23 17:45:56'),
(399, 'Sapi', 'Bovidae', '780.50', 'Jantan', 5, 1, 50, 50, '2024-12-24 18:56:23'),
(400, 'Kambing', 'Caprinae', '240.20', 'Betina', 3, 1, 50, 50, '2024-12-25 19:23:45');

-- --------------------------------------------------------

--
-- Table structure for table `lokasi`
--

CREATE TABLE `lokasi` (
  `idLokasi` int(11) NOT NULL,
  `namaJalan` varchar(100) DEFAULT NULL,
  `namaKabupaten` varchar(100) DEFAULT NULL,
  `namaProvinsi` varchar(100) DEFAULT NULL,
  `kodePos` varchar(10) DEFAULT NULL
) ENGINE=InnoDB DEFAULT CHARSET=utf8mb4 COLLATE=utf8mb4_general_ci;

--
-- Dumping data for table `lokasi`
--

INSERT INTO `lokasi` (`idLokasi`, `namaJalan`, `namaKabupaten`, `namaProvinsi`, `kodePos`) VALUES
(1, 'Jl. Sudirman', 'Jakarta', 'DKI Jakarta', '10110'),
(2, 'Jl. Thamrin', 'Jakarta', 'DKI Jakarta', '10220'),
(3, 'Jl. Gatot Subroto', 'Bandung', 'Jawa Barat', '40111'),
(4, 'Jl. Dago', 'Bandung', 'Jawa Barat', '40112'),
(5, 'Jl. Malioboro', 'Yogyakarta', 'DI Yogyakarta', '55213'),
(6, 'Jl. Ahmad Yani', 'Surabaya', 'Jawa Timur', '60114'),
(7, 'Jl. Pemuda', 'Semarang', 'Jawa Tengah', '50215'),
(8, 'Jl. Diponegoro', 'Malang', 'Jawa Timur', '65116'),
(9, 'Jl. Pahlawan', 'Medan', 'Sumatera Utara', '20217'),
(10, 'Jl. Sudirman', 'Pekanbaru', 'Riau', '28118'),
(11, 'Jl. Thamrin', 'Palembang', 'Sumatera Selatan', '30119'),
(12, 'Jl. Gatot Subroto', 'Makassar', 'Sulawesi Selatan', '90121'),
(13, 'Jl. Dago', 'Denpasar', 'Bali', '80122'),
(14, 'Jl. Malioboro', 'Pontianak', 'Kalimantan Barat', '78123'),
(15, 'Jl. Ahmad Yani', 'Banjarmasin', 'Kalimantan Selatan', '70124'),
(16, 'Jl. Pemuda', 'Balikpapan', 'Kalimantan Timur', '76125'),
(17, 'Jl. Diponegoro', 'Manado', 'Sulawesi Utara', '95126'),
(18, 'Jl. Pahlawan', 'Ambon', 'Maluku', '97127'),
(19, 'Jl. Sudirman', 'Jayapura', 'Papua', '99128'),
(20, 'Jl. Thamrin', 'Kupang', 'Nusa Tenggara Timur', '85129'),
(21, 'Jl. Gatot Subroto', 'Mataram', 'Nusa Tenggara Barat', '83131'),
(22, 'Jl. Dago', 'Bengkulu', 'Bengkulu', '38132'),
(23, 'Jl. Malioboro', 'Padang', 'Sumatera Barat', '25133'),
(24, 'Jl. Ahmad Yani', 'Tanjungpinang', 'Kepulauan Riau', '29134'),
(25, 'Jl. Pemuda', 'Palangkaraya', 'Kalimantan Tengah', '73135'),
(26, 'Jl. Diponegoro', 'Tarakan', 'Kalimantan Utara', '77136'),
(27, 'Jl. Pahlawan', 'Gorontalo', 'Gorontalo', '96137'),
(28, 'Jl. Sudirman', 'Samarinda', 'Kalimantan Timur', '75138'),
(29, 'Jl. Thamrin', 'Bandar Lampung', 'Lampung', '35139'),
(30, 'Jl. Gatot Subroto', 'Ternate', 'Maluku Utara', '97741'),
(31, 'Jl. Dago', 'Banda Aceh', 'Aceh', '23142'),
(32, 'Jl. Malioboro', 'Palu', 'Sulawesi Tengah', '94143'),
(33, 'Jl. Ahmad Yani', 'Kendari', 'Sulawesi Tenggara', '93144'),
(34, 'Jl. Pemuda', 'Tual', 'Maluku Tenggara', '97645'),
(35, 'Jl. Diponegoro', 'Bau-Bau', 'Sulawesi Tenggara', '93746'),
(36, 'Jl. Pahlawan', 'Pematangsiantar', 'Sumatera Utara', '21147'),
(37, 'Jl. Sudirman', 'Sibolga', 'Sumatera Utara', '22548'),
(38, 'Jl. Thamrin', 'Tebing Tinggi', 'Sumatera Utara', '20649'),
(39, 'Jl. Gatot Subroto', 'Langsa', 'Aceh', '24451'),
(40, 'Jl. Dago', 'Lhokseumawe', 'Aceh', '24352'),
(41, 'Jl. Malioboro', 'Subulussalam', 'Aceh', '24853'),
(42, 'Jl. Ahmad Yani', 'Blangpidie', 'Aceh', '23754'),
(43, 'Jl. Pemuda', 'Calang', 'Aceh', '23655'),
(44, 'Jl. Diponegoro', 'Tapaktuan', 'Aceh', '23756'),
(45, 'Jl. Pahlawan', 'Sinabang', 'Aceh', '23857'),
(46, 'Jl. Sudirman', 'Kutacane', 'Aceh', '24658'),
(47, 'Jl. Thamrin', 'Blangkejeren', 'Aceh', '24559'),
(48, 'Jl. Gatot Subroto', 'Karang Baru', 'Aceh', '24461'),
(49, 'Jl. Dago', 'Kuala Simpang', 'Aceh', '24462'),
(50, 'Jl. Malioboro', 'Takengon', 'Aceh', '24563');

-- --------------------------------------------------------

--
-- Table structure for table `penjualanhewanternak`
--

CREATE TABLE `penjualanhewanternak` (
  `idPenjualan` int(11) NOT NULL,
  `idHewanTernak` int(11) DEFAULT NULL,
  `tanggalPenjualan` datetime DEFAULT NULL,
  `harga` decimal(10,2) DEFAULT NULL
) ENGINE=InnoDB DEFAULT CHARSET=utf8mb4 COLLATE=utf8mb4_general_ci;

--
-- Dumping data for table `penjualanhewanternak`
--

INSERT INTO `penjualanhewanternak` (`idPenjualan`, `idHewanTernak`, `tanggalPenjualan`, `harga`) VALUES
(1, 1, '2024-06-10 00:00:00', '3000000.00'),
(2, 2, '2024-06-11 00:00:00', '1500000.00'),
(3, 3, '2024-06-12 00:00:00', '2500000.00'),
(4, 4, '2024-06-13 00:00:00', '2750000.00'),
(5, 5, '2024-06-14 00:00:00', '3100000.00'),
(6, 6, '2024-06-15 00:00:00', '1600000.00'),
(7, 7, '2024-06-16 00:00:00', '2600000.00'),
(8, 8, '2024-06-17 00:00:00', '2850000.00'),
(9, 9, '2024-06-18 00:00:00', '3200000.00'),
(10, 10, '2024-06-19 00:00:00', '1700000.00'),
(11, 11, '2024-06-20 00:00:00', '2700000.00'),
(12, 12, '2024-06-21 00:00:00', '2950000.00'),
(13, 13, '2024-06-22 00:00:00', '3300000.00'),
(14, 14, '2024-06-23 00:00:00', '1800000.00'),
(15, 15, '2024-06-24 00:00:00', '2800000.00'),
(16, 16, '2024-06-25 00:00:00', '3050000.00'),
(17, 17, '2024-06-26 00:00:00', '3400000.00'),
(18, 18, '2024-06-27 00:00:00', '1900000.00'),
(19, 19, '2024-06-28 00:00:00', '2900000.00'),
(20, 20, '2024-06-29 00:00:00', '3150000.00'),
(21, 21, '2024-06-30 00:00:00', '3500000.00'),
(22, 22, '2024-07-01 00:00:00', '2000000.00'),
(23, 23, '2024-07-02 00:00:00', '3000000.00'),
(24, 24, '2024-07-03 00:00:00', '3250000.00'),
(25, 25, '2024-07-04 00:00:00', '3600000.00'),
(26, 26, '2024-07-05 00:00:00', '2100000.00'),
(27, 27, '2024-07-06 00:00:00', '3100000.00'),
(28, 28, '2024-07-07 00:00:00', '3350000.00'),
(29, 29, '2024-07-08 00:00:00', '3700000.00'),
(30, 30, '2024-07-09 00:00:00', '2200000.00'),
(31, 31, '2024-07-10 00:00:00', '3200000.00'),
(32, 32, '2024-07-11 00:00:00', '3450000.00'),
(33, 33, '2024-07-12 00:00:00', '3800000.00'),
(34, 34, '2024-07-13 00:00:00', '2300000.00'),
(35, 35, '2024-07-14 00:00:00', '3300000.00'),
(36, 36, '2024-07-15 00:00:00', '3550000.00'),
(37, 37, '2024-07-16 00:00:00', '3900000.00'),
(38, 38, '2024-07-17 00:00:00', '2400000.00'),
(39, 39, '2024-07-18 00:00:00', '3400000.00'),
(40, 40, '2024-07-19 00:00:00', '3650000.00'),
(41, 41, '2024-07-20 00:00:00', '4000000.00'),
(42, 42, '2024-07-21 00:00:00', '2500000.00'),
(43, 43, '2024-07-22 00:00:00', '3500000.00'),
(44, 44, '2024-07-23 00:00:00', '3750000.00'),
(45, 45, '2024-07-24 00:00:00', '4100000.00'),
(46, 46, '2024-07-25 00:00:00', '2600000.00'),
(47, 47, '2024-07-26 00:00:00', '3600000.00'),
(48, 48, '2024-07-27 00:00:00', '3850000.00'),
(49, 49, '2024-07-28 00:00:00', '4200000.00'),
(50, 50, '2024-07-29 00:00:00', '2700000.00'),
(51, 51, '2024-07-30 00:00:00', '3700000.00'),
(52, 52, '2024-07-31 00:00:00', '3950000.00'),
(53, 53, '2024-08-01 00:00:00', '4300000.00'),
(54, 54, '2024-08-02 00:00:00', '2800000.00'),
(55, 55, '2024-08-03 00:00:00', '3800000.00'),
(56, 56, '2024-08-04 00:00:00', '4050000.00'),
(57, 57, '2024-08-05 00:00:00', '4400000.00'),
(58, 58, '2024-08-06 00:00:00', '2900000.00'),
(59, 59, '2024-08-07 00:00:00', '3900000.00'),
(60, 60, '2024-08-08 00:00:00', '4150000.00'),
(61, 61, '2024-08-09 00:00:00', '4500000.00'),
(62, 62, '2024-08-10 00:00:00', '3000000.00'),
(63, 63, '2024-08-11 00:00:00', '4000000.00'),
(64, 64, '2024-08-12 00:00:00', '4250000.00'),
(65, 65, '2024-08-13 00:00:00', '4600000.00'),
(66, 66, '2024-08-14 00:00:00', '3100000.00'),
(67, 67, '2024-08-15 00:00:00', '4100000.00'),
(68, 68, '2024-08-16 00:00:00', '4350000.00'),
(69, 69, '2024-08-17 00:00:00', '4700000.00'),
(70, 70, '2024-08-18 00:00:00', '3200000.00'),
(71, 71, '2024-08-19 00:00:00', '4200000.00'),
(72, 72, '2024-08-20 00:00:00', '4450000.00'),
(73, 73, '2024-08-21 00:00:00', '4800000.00'),
(74, 74, '2024-08-22 00:00:00', '3300000.00'),
(75, 75, '2024-08-23 00:00:00', '4300000.00'),
(76, 76, '2024-08-24 00:00:00', '4550000.00'),
(77, 77, '2024-08-25 00:00:00', '4900000.00'),
(78, 78, '2024-08-26 00:00:00', '3400000.00'),
(79, 79, '2024-08-27 00:00:00', '4400000.00'),
(80, 80, '2024-08-28 00:00:00', '4650000.00'),
(81, 81, '2024-08-29 00:00:00', '5000000.00'),
(82, 82, '2024-08-30 00:00:00', '3500000.00'),
(83, 83, '2024-08-31 00:00:00', '4500000.00'),
(84, 84, '2024-09-01 00:00:00', '4750000.00'),
(85, 85, '2024-09-02 00:00:00', '5100000.00'),
(86, 86, '2024-09-03 00:00:00', '3600000.00'),
(87, 87, '2024-09-04 00:00:00', '4600000.00'),
(88, 88, '2024-09-05 00:00:00', '4850000.00'),
(89, 89, '2024-09-06 00:00:00', '5200000.00'),
(90, 90, '2024-09-07 00:00:00', '3700000.00'),
(91, 91, '2024-09-08 00:00:00', '4700000.00'),
(92, 92, '2024-09-09 00:00:00', '4950000.00'),
(93, 93, '2024-09-10 00:00:00', '5300000.00'),
(94, 94, '2024-09-11 00:00:00', '3800000.00'),
(95, 95, '2024-09-12 00:00:00', '4800000.00'),
(96, 96, '2024-09-13 00:00:00', '5050000.00'),
(97, 97, '2024-09-14 00:00:00', '5400000.00'),
(98, 98, '2024-09-15 00:00:00', '3900000.00'),
(99, 99, '2024-09-16 00:00:00', '4900000.00'),
(100, 100, '2024-09-17 00:00:00', '5150000.00'),
(101, 101, '2023-01-05 00:00:00', '3200000.00'),
(102, 102, '2023-01-10 00:00:00', '1500000.00'),
(103, 103, '2023-01-15 00:00:00', '2500000.00'),
(104, 104, '2023-01-20 00:00:00', '2750000.00'),
(105, 105, '2023-02-05 00:00:00', '3300000.00'),
(106, 106, '2023-02-10 00:00:00', '1600000.00'),
(107, 107, '2023-02-15 00:00:00', '2600000.00'),
(108, 108, '2023-02-20 00:00:00', '2850000.00'),
(109, 109, '2023-03-05 00:00:00', '3400000.00'),
(110, 110, '2023-03-10 00:00:00', '1700000.00'),
(111, 111, '2023-03-15 00:00:00', '2700000.00'),
(112, 112, '2023-03-20 00:00:00', '2950000.00'),
(113, 113, '2023-04-05 00:00:00', '3500000.00'),
(114, 114, '2023-04-10 00:00:00', '1800000.00'),
(115, 115, '2023-04-15 00:00:00', '2800000.00'),
(116, 116, '2023-04-20 00:00:00', '3050000.00'),
(117, 117, '2023-05-05 00:00:00', '3600000.00'),
(118, 118, '2023-05-10 00:00:00', '1900000.00'),
(119, 119, '2023-05-15 00:00:00', '2900000.00'),
(120, 120, '2023-05-20 00:00:00', '3150000.00'),
(121, 121, '2023-06-05 00:00:00', '3700000.00'),
(122, 122, '2023-06-10 00:00:00', '2000000.00'),
(123, 123, '2023-06-15 00:00:00', '3000000.00'),
(124, 124, '2023-06-20 00:00:00', '3250000.00'),
(125, 125, '2023-07-05 00:00:00', '3800000.00'),
(126, 126, '2023-07-10 00:00:00', '2100000.00'),
(127, 127, '2023-07-15 00:00:00', '3100000.00'),
(128, 128, '2023-07-20 00:00:00', '3350000.00'),
(129, 129, '2023-08-05 00:00:00', '3900000.00'),
(130, 130, '2023-08-10 00:00:00', '2200000.00'),
(131, 131, '2023-08-15 00:00:00', '3200000.00'),
(132, 132, '2023-08-20 00:00:00', '3450000.00'),
(133, 133, '2023-09-05 00:00:00', '4000000.00'),
(134, 134, '2023-09-10 00:00:00', '2300000.00'),
(135, 135, '2023-09-15 00:00:00', '3300000.00'),
(136, 136, '2023-09-20 00:00:00', '3550000.00'),
(137, 137, '2023-10-05 00:00:00', '4100000.00'),
(138, 138, '2023-10-10 00:00:00', '2400000.00'),
(139, 139, '2023-10-15 00:00:00', '3400000.00'),
(140, 140, '2023-10-20 00:00:00', '3650000.00'),
(141, 141, '2023-11-05 00:00:00', '4200000.00'),
(142, 142, '2023-11-10 00:00:00', '2500000.00'),
(143, 143, '2023-11-15 00:00:00', '3500000.00'),
(144, 144, '2023-11-20 00:00:00', '3750000.00'),
(145, 145, '2023-12-05 00:00:00', '4300000.00'),
(146, 146, '2023-12-10 00:00:00', '2600000.00'),
(147, 147, '2023-12-15 00:00:00', '3600000.00'),
(148, 148, '2023-12-20 00:00:00', '3850000.00'),
(149, 149, '2024-01-05 00:00:00', '4400000.00'),
(150, 150, '2024-01-10 00:00:00', '2700000.00'),
(151, 151, '2024-01-15 00:00:00', '3700000.00'),
(152, 152, '2024-01-20 00:00:00', '3950000.00'),
(153, 153, '2024-02-05 00:00:00', '4500000.00'),
(154, 154, '2024-02-10 00:00:00', '2800000.00'),
(155, 155, '2024-02-15 00:00:00', '3800000.00'),
(156, 156, '2024-02-20 00:00:00', '4050000.00'),
(157, 157, '2024-03-05 00:00:00', '4600000.00'),
(158, 158, '2024-03-10 00:00:00', '2900000.00'),
(159, 159, '2024-03-15 00:00:00', '3900000.00'),
(160, 160, '2024-03-20 00:00:00', '4150000.00'),
(161, 161, '2024-04-05 00:00:00', '4700000.00'),
(162, 162, '2024-04-10 00:00:00', '3000000.00'),
(163, 163, '2024-04-15 00:00:00', '4000000.00'),
(164, 164, '2024-04-20 00:00:00', '4250000.00'),
(165, 165, '2024-05-05 00:00:00', '4800000.00'),
(166, 166, '2024-05-10 00:00:00', '3100000.00'),
(167, 167, '2024-05-15 00:00:00', '4100000.00'),
(168, 168, '2024-05-20 00:00:00', '4350000.00'),
(169, 169, '2024-06-05 00:00:00', '4900000.00'),
(170, 170, '2024-06-10 00:00:00', '3200000.00'),
(171, 171, '2024-06-15 00:00:00', '4200000.00'),
(172, 172, '2024-06-20 00:00:00', '4450000.00'),
(173, 173, '2024-07-05 00:00:00', '5000000.00'),
(174, 174, '2024-07-10 00:00:00', '3300000.00'),
(175, 175, '2024-07-15 00:00:00', '4300000.00'),
(176, 176, '2024-07-20 00:00:00', '4550000.00'),
(177, 177, '2024-08-05 00:00:00', '5100000.00'),
(178, 178, '2024-08-10 00:00:00', '3400000.00'),
(179, 179, '2024-08-15 00:00:00', '4400000.00'),
(180, 180, '2024-08-20 00:00:00', '4650000.00'),
(181, 181, '2024-09-05 00:00:00', '5200000.00'),
(182, 182, '2024-09-10 00:00:00', '3500000.00'),
(183, 183, '2024-09-15 00:00:00', '4500000.00'),
(184, 184, '2024-09-20 00:00:00', '4750000.00'),
(185, 185, '2024-10-05 00:00:00', '5300000.00'),
(186, 186, '2024-10-10 00:00:00', '3600000.00'),
(187, 187, '2024-10-15 00:00:00', '4600000.00'),
(188, 188, '2024-10-20 00:00:00', '4850000.00'),
(189, 189, '2024-11-05 00:00:00', '5400000.00'),
(190, 190, '2024-11-10 00:00:00', '3700000.00'),
(191, 191, '2024-11-15 00:00:00', '4700000.00'),
(192, 192, '2024-11-20 00:00:00', '4950000.00'),
(193, 193, '2024-12-05 00:00:00', '5500000.00'),
(194, 194, '2024-12-10 00:00:00', '3800000.00'),
(195, 195, '2024-12-15 00:00:00', '4800000.00'),
(196, 196, '2024-12-20 00:00:00', '5050000.00'),
(197, 197, '2024-12-25 00:00:00', '5600000.00'),
(198, 198, '2024-12-26 00:00:00', '3900000.00'),
(199, 199, '2024-12-27 00:00:00', '4900000.00'),
(200, 200, '2024-12-28 00:00:00', '5150000.00'),
(201, 201, '2023-01-05 00:00:00', '3200000.00'),
(202, 202, '2023-01-10 00:00:00', '1500000.00'),
(203, 203, '2023-01-15 00:00:00', '2500000.00'),
(204, 204, '2023-01-20 00:00:00', '2750000.00'),
(205, 205, '2023-02-05 00:00:00', '3300000.00'),
(206, 206, '2023-02-10 00:00:00', '1600000.00'),
(207, 207, '2023-02-15 00:00:00', '2600000.00'),
(208, 208, '2023-02-20 00:00:00', '2850000.00'),
(209, 209, '2023-03-05 00:00:00', '3400000.00'),
(210, 210, '2023-03-10 00:00:00', '1700000.00'),
(211, 211, '2023-03-15 00:00:00', '2700000.00'),
(212, 212, '2023-03-20 00:00:00', '2950000.00'),
(213, 213, '2023-04-05 00:00:00', '3500000.00'),
(214, 214, '2023-04-10 00:00:00', '1800000.00'),
(215, 215, '2023-04-15 00:00:00', '2800000.00'),
(216, 216, '2023-04-20 00:00:00', '3050000.00'),
(217, 217, '2023-05-05 00:00:00', '3600000.00'),
(218, 218, '2023-05-10 00:00:00', '1900000.00'),
(219, 219, '2023-05-15 00:00:00', '2900000.00'),
(220, 220, '2023-05-20 00:00:00', '3150000.00'),
(221, 221, '2023-06-05 00:00:00', '3700000.00'),
(222, 222, '2023-06-10 00:00:00', '2000000.00'),
(223, 223, '2023-06-15 00:00:00', '3000000.00'),
(224, 224, '2023-06-20 00:00:00', '3250000.00'),
(225, 225, '2023-07-05 00:00:00', '3800000.00'),
(226, 226, '2023-07-10 00:00:00', '2100000.00'),
(227, 227, '2023-07-15 00:00:00', '3100000.00'),
(228, 228, '2023-07-20 00:00:00', '3350000.00'),
(229, 229, '2023-08-05 00:00:00', '3900000.00'),
(230, 230, '2023-08-10 00:00:00', '2200000.00'),
(231, 231, '2023-08-15 00:00:00', '3200000.00'),
(232, 232, '2023-08-20 00:00:00', '3450000.00'),
(233, 233, '2023-09-05 00:00:00', '4000000.00'),
(234, 234, '2023-09-10 00:00:00', '2300000.00'),
(235, 235, '2023-09-15 00:00:00', '3300000.00'),
(236, 236, '2023-09-20 00:00:00', '3550000.00'),
(237, 237, '2023-10-05 00:00:00', '4100000.00'),
(238, 238, '2023-10-10 00:00:00', '2400000.00'),
(239, 239, '2023-10-15 00:00:00', '3400000.00'),
(240, 240, '2023-10-20 00:00:00', '3650000.00'),
(241, 241, '2023-11-05 00:00:00', '4200000.00'),
(242, 242, '2023-11-10 00:00:00', '2500000.00'),
(243, 243, '2023-11-15 00:00:00', '3500000.00'),
(244, 244, '2023-11-20 00:00:00', '3750000.00'),
(245, 245, '2023-12-05 00:00:00', '4300000.00'),
(246, 246, '2023-12-10 00:00:00', '2600000.00'),
(247, 247, '2023-12-15 00:00:00', '3600000.00'),
(248, 248, '2023-12-20 00:00:00', '3850000.00'),
(249, 249, '2024-01-05 00:00:00', '4400000.00'),
(250, 250, '2024-01-10 00:00:00', '2700000.00'),
(251, 251, '2024-01-15 00:00:00', '3700000.00'),
(252, 252, '2024-01-20 00:00:00', '3950000.00'),
(253, 253, '2024-02-05 00:00:00', '4500000.00'),
(254, 254, '2024-02-10 00:00:00', '2800000.00'),
(255, 255, '2024-02-15 00:00:00', '3800000.00'),
(256, 256, '2024-02-20 00:00:00', '4050000.00'),
(257, 257, '2024-03-05 00:00:00', '4600000.00'),
(258, 258, '2024-03-10 00:00:00', '2900000.00'),
(259, 259, '2024-03-15 00:00:00', '3900000.00'),
(260, 260, '2024-03-20 00:00:00', '4150000.00'),
(261, 261, '2024-04-05 00:00:00', '4700000.00'),
(262, 262, '2024-04-10 00:00:00', '3000000.00'),
(263, 263, '2024-04-15 00:00:00', '4000000.00'),
(264, 264, '2024-04-20 00:00:00', '4250000.00'),
(265, 265, '2024-05-05 00:00:00', '4800000.00'),
(266, 266, '2024-05-10 00:00:00', '3100000.00'),
(267, 267, '2024-05-15 00:00:00', '4100000.00'),
(268, 268, '2024-05-20 00:00:00', '4350000.00'),
(269, 269, '2024-06-05 00:00:00', '4900000.00'),
(270, 270, '2024-06-10 00:00:00', '3200000.00'),
(271, 271, '2024-06-15 00:00:00', '4200000.00'),
(272, 272, '2024-06-20 00:00:00', '4450000.00'),
(273, 273, '2024-07-05 00:00:00', '5000000.00'),
(274, 274, '2024-07-10 00:00:00', '3300000.00'),
(275, 275, '2024-07-15 00:00:00', '4300000.00'),
(276, 276, '2024-07-20 00:00:00', '4550000.00'),
(277, 277, '2024-08-05 00:00:00', '5100000.00'),
(278, 278, '2024-08-10 00:00:00', '3400000.00'),
(279, 279, '2024-08-15 00:00:00', '4400000.00'),
(280, 280, '2024-08-20 00:00:00', '4650000.00'),
(281, 281, '2024-09-05 00:00:00', '5200000.00'),
(282, 282, '2024-09-10 00:00:00', '3500000.00'),
(283, 283, '2024-09-15 00:00:00', '4500000.00'),
(284, 284, '2024-09-20 00:00:00', '4750000.00'),
(285, 285, '2024-10-05 00:00:00', '5300000.00'),
(286, 286, '2024-10-10 00:00:00', '3600000.00'),
(287, 287, '2024-10-15 00:00:00', '4600000.00'),
(288, 288, '2024-10-20 00:00:00', '4850000.00'),
(289, 289, '2024-11-05 00:00:00', '5400000.00'),
(290, 290, '2024-11-10 00:00:00', '3700000.00'),
(291, 291, '2024-11-15 00:00:00', '4700000.00'),
(292, 292, '2024-11-20 00:00:00', '4950000.00'),
(293, 293, '2024-12-05 00:00:00', '5500000.00'),
(294, 294, '2024-12-10 00:00:00', '3800000.00'),
(295, 295, '2024-12-15 00:00:00', '4800000.00'),
(296, 296, '2024-12-20 00:00:00', '5050000.00'),
(297, 297, '2024-12-25 00:00:00', '5600000.00'),
(298, 298, '2024-12-26 00:00:00', '3900000.00'),
(299, 299, '2024-12-27 00:00:00', '4900000.00'),
(300, 300, '2024-12-28 00:00:00', '5150000.00');

-- --------------------------------------------------------

--
-- Table structure for table `peternak`
--

CREATE TABLE `peternak` (
  `idPeternak` int(11) NOT NULL,
  `usernamePeternak` varchar(50) DEFAULT NULL,
  `passwordPeternak` varchar(50) DEFAULT NULL,
  `namaPeternak` varchar(100) DEFAULT NULL,
  `nomorTelepon` varchar(15) DEFAULT NULL,
  `idLokasi` int(11) DEFAULT NULL
) ENGINE=InnoDB DEFAULT CHARSET=utf8mb4 COLLATE=utf8mb4_general_ci;

--
-- Dumping data for table `peternak`
--

INSERT INTO `peternak` (`idPeternak`, `usernamePeternak`, `passwordPeternak`, `namaPeternak`, `nomorTelepon`, `idLokasi`) VALUES
(1, 'agus01', 'password123', 'Agus Prasetyo', '081234567890', 1),
(2, 'budi02', 'pass456', 'Budi Santoso', '082345678901', 2),
(3, 'charlie03', 'password789', 'Charlie Wijaya', '083456789012', 3),
(4, 'dewi04', 'mysecurepassword', 'Dewi Susanti', '084567890123', 4),
(5, 'eko05', 'securepass1', 'Eko Hartono', '085678901234', 5),
(6, 'fitri06', 'mypassword', 'Fitri Handayani', '086789012345', 6),
(7, 'gita07', 'password234', 'Gita Maulana', '087890123456', 7),
(8, 'hendra08', 'anotherpass', 'Hendra Purnomo', '088901234567', 8),
(9, 'irma09', 'thisisapass', 'Irma Yuliani', '089012345678', 9),
(10, 'joko10', 'password567', 'Joko Raharjo', '081345678901', 10),
(11, 'kartini11', 'pass1234', 'Kartini Wulandari', '082456789012', 11),
(12, 'linda12', 'mypassword123', 'Linda Kartika', '083567890123', 12),
(13, 'maman13', 'pass5678', 'Maman Suryana', '084678901234', 13),
(14, 'nina14', 'password876', 'Nina Anggraini', '085789012345', 14),
(15, 'ono15', 'secure234', 'Ono Subagyo', '086890123456', 15),
(16, 'putri16', 'mypassword234', 'Putri Aulia', '087901234567', 16),
(17, 'ridwan17', 'pass8765', 'Ridwan Kurniawan', '088012345678', 17),
(18, 'siti18', 'password345', 'Siti Nurhayati', '089123456789', 18),
(19, 'taufik19', 'secure345', 'Taufik Hidayat', '081234567891', 19),
(20, 'utami20', 'mypassword345', 'Utami Setiawan', '082345678902', 20),
(21, 'veronika21', 'pass4567', 'Veronika Putri', '083456789013', 21),
(22, 'wahyu22', 'password2345', 'Wahyu Saputra', '084567890124', 22),
(23, 'xenia23', 'secure456', 'Xenia Lestari', '085678901235', 23),
(24, 'yana24', 'mypassword456', 'Yana Suryana', '086789012346', 24),
(25, 'zain25', 'pass56789', 'Zainal Arifin', '087890123457', 25),
(26, 'arina26', 'password678', 'Arina Fadila', '088901234568', 26),
(27, 'bambang27', 'secure567', 'Bambang Tri', '089012345679', 27),
(28, 'cici28', 'mypassword567', 'Cici Andayani', '081345678902', 28),
(29, 'dani29', 'pass6789', 'Dani Firmansyah', '082456789023', 29),
(30, 'eka30', 'password7890', 'Eka Widodo', '083567890134', 30),
(31, 'fina31', 'secure678', 'Fina Marpaung', '084678901245', 31),
(32, 'gilang32', 'mypassword678', 'Gilang Saputra', '085789012356', 32),
(33, 'hana33', 'pass7890', 'Hana Pertiwi', '086890123467', 33),
(34, 'indah34', 'password8901', 'Indah Lestari', '087901234578', 34),
(35, 'johan35', 'secure789', 'Johan Setiawan', '088012345689', 35),
(36, 'kiki36', 'mypassword789', 'Kiki Wijaya', '089123456790', 36),
(37, 'luki37', 'pass8901', 'Luki Pratama', '081234567903', 37),
(38, 'mala38', 'password9012', 'Mala Kurnia', '082345678914', 38),
(39, 'nana39', 'secure890', 'Nana Sudrajat', '083456789025', 39),
(40, 'olga40', 'mypassword890', 'Olga Suryani', '084567890136', 40),
(41, 'pandu41', 'pass9012', 'Pandu Permana', '085678901247', 41),
(42, 'qori42', 'password0123', 'Qori Putra', '086789012358', 42),
(43, 'rini43', 'secure901', 'Rini Setianingsih', '087890123469', 43),
(44, 'samsul44', 'mypassword901', 'Samsul Bahri', '088901234570', 44),
(45, 'tina45', 'pass0123', 'Tina Wijaya', '089012345681', 45),
(46, 'udin46', 'password1234', 'Udin Subagyo', '081345678914', 46),
(47, 'vika47', 'secure012', 'Vika Anggraini', '082456789025', 47),
(48, 'wawan48', 'mypassword012', 'Wawan Setiawan', '083567890136', 48),
(49, 'yuli49', 'pass12345', 'Yuli Hermansyah', '084678901247', 49),
(50, 'zaki50', 'password2345', 'Zaki Mubarok', '085789012358', 50);

--
-- Indexes for dumped tables
--

--
-- Indexes for table `dinas`
--
ALTER TABLE `dinas`
  ADD PRIMARY KEY (`idDinas`);

--
-- Indexes for table `hewanternak`
--
ALTER TABLE `hewanternak`
  ADD PRIMARY KEY (`idHewanTernak`),
  ADD KEY `idPeternak` (`idPeternak`),
  ADD KEY `idLokasi` (`idLokasi`);

--
-- Indexes for table `lokasi`
--
ALTER TABLE `lokasi`
  ADD PRIMARY KEY (`idLokasi`);

--
-- Indexes for table `penjualanhewanternak`
--
ALTER TABLE `penjualanhewanternak`
  ADD PRIMARY KEY (`idPenjualan`),
  ADD KEY `idHewanTernak` (`idHewanTernak`);

--
-- Indexes for table `peternak`
--
ALTER TABLE `peternak`
  ADD PRIMARY KEY (`idPeternak`),
  ADD KEY `idLokasi` (`idLokasi`);

--
-- AUTO_INCREMENT for dumped tables
--

--
-- AUTO_INCREMENT for table `dinas`
--
ALTER TABLE `dinas`
  MODIFY `idDinas` int(11) NOT NULL AUTO_INCREMENT, AUTO_INCREMENT=4;

--
-- AUTO_INCREMENT for table `hewanternak`
--
ALTER TABLE `hewanternak`
  MODIFY `idHewanTernak` int(11) NOT NULL AUTO_INCREMENT, AUTO_INCREMENT=401;

--
-- AUTO_INCREMENT for table `lokasi`
--
ALTER TABLE `lokasi`
  MODIFY `idLokasi` int(11) NOT NULL AUTO_INCREMENT, AUTO_INCREMENT=51;

--
-- AUTO_INCREMENT for table `penjualanhewanternak`
--
ALTER TABLE `penjualanhewanternak`
  MODIFY `idPenjualan` int(11) NOT NULL AUTO_INCREMENT, AUTO_INCREMENT=301;

--
-- AUTO_INCREMENT for table `peternak`
--
ALTER TABLE `peternak`
  MODIFY `idPeternak` int(11) NOT NULL AUTO_INCREMENT, AUTO_INCREMENT=51;

--
-- Constraints for dumped tables
--

--
-- Constraints for table `hewanternak`
--
ALTER TABLE `hewanternak`
  ADD CONSTRAINT `hewanternak_ibfk_1` FOREIGN KEY (`idPeternak`) REFERENCES `peternak` (`idPeternak`) ON DELETE SET NULL ON UPDATE CASCADE,
  ADD CONSTRAINT `hewanternak_ibfk_2` FOREIGN KEY (`idLokasi`) REFERENCES `lokasi` (`idLokasi`) ON DELETE SET NULL ON UPDATE CASCADE;

--
-- Constraints for table `penjualanhewanternak`
--
ALTER TABLE `penjualanhewanternak`
  ADD CONSTRAINT `penjualanhewanternak_ibfk_1` FOREIGN KEY (`idHewanTernak`) REFERENCES `hewanternak` (`idHewanTernak`) ON DELETE SET NULL ON UPDATE CASCADE;

--
-- Constraints for table `peternak`
--
ALTER TABLE `peternak`
  ADD CONSTRAINT `peternak_ibfk_1` FOREIGN KEY (`idLokasi`) REFERENCES `lokasi` (`idLokasi`) ON DELETE SET NULL ON UPDATE CASCADE;
COMMIT;

/*!40101 SET CHARACTER_SET_CLIENT=@OLD_CHARACTER_SET_CLIENT */;
/*!40101 SET CHARACTER_SET_RESULTS=@OLD_CHARACTER_SET_RESULTS */;
/*!40101 SET COLLATION_CONNECTION=@OLD_COLLATION_CONNECTION */;
